{
    "name": "easyCarousel",
    "title": "Easy Carousel",
    "description": "jQuery plugin image slide, simple and easy to use carousel.",
    "keywords": [
        "carousel",
        "image-slider",
        "banner",
        "slider"
    ],
    "version": "1.0.4",
    "author": {
        "name": "Manish Kumar",
        "email": "manishkumarshr@gmail.com",
        "url": "http://www.manishable.com"
    },
    "maintainers": [
        {
            "name": "Manish Kumar",
            "email": "manishkumarshr@gmail.com",
            "url": "http://www.manishable.com"
        }
    ],
    "licenses": [
        {
            "type": "MIT",
            "url": "https://github.com/manishkumarshr/easyCarousel/blob/master/LICENSE"
        }
    ],
    "bugs": "https://github.com/manishkumarshr/easyCarousel/issues",
    "homepage": "https://github.com/manishkumarshr/easyCarousel",
    "docs": "https://github.com/manishkumarshr/easyCarousel",
    "demo": "http://www.findnetspeed.com/jQuery-carousel-easyCarousel.html",
    "download": "https://github.com/manishkumarshr/easyCarousel/archive/master.zip",
    "dependencies": {
        "jquery": ">=1.5"
    }
}